Detector Type;descriptorType;matcherType;descriptorFamily;selectorType;;;;;
SHITOMASI;BRISK;MAT_BF;DES_BINARY;SEL_KNN;;Total Time;% Matched KeyPts;Average of total time over 10 images;Average % of Matched Kepts over 10 images
Image Idx;num KeyPts;Detection time;num KeyPts Vehicle Rect;Descriptor Extraction time;num Matched KeyPts;Total Time;;;
0;1370;16.8268;125;1.92133;0;18.74813;0;13.27;65.54
1;1301;12.0168;118;1.30384;95;13.32064;80.50847458;;
2;1361;10.5828;123;1.77963;88;12.36243;71.54471545;;
3;1358;11.9633;120;1.24244;80;13.20574;66.66666667;;
4;1333;9.34587;120;1.22149;90;10.56736;75;;
5;1284;12.1943;113;1.61609;82;13.81039;72.56637168;;
6;1322;12.1092;114;1.6387;79;13.7479;69.29824561;;
7;1366;12.3395;123;1.69806;85;14.03756;69.10569106;;
8;1389;11.5479;111;1.21301;86;12.76091;77.47747748;;
9;1339;8.941;112;1.22586;82;10.16686;73.21428571;;
SHITOMASI;BRIEF;MAT_BF;DES_BINARY;SEL_KNN;;;;;
Image Idx;num KeyPts;Detection time;num KeyPts Vehicle Rect;Descriptor Extraction time;num Matched KeyPts;;;;
0;1370;8.78388;125;0.502392;0;9.286272;0;9.74;80.71
1;1301;8.69823;118;0.469861;115;9.168091;97.45762712;;
2;1361;9.29705;123;0.485158;111;9.782208;90.24390244;;
3;1358;8.74188;120;0.47371;104;9.21559;86.66666667;;
4;1333;11.6033;120;0.466456;101;12.069756;84.16666667;;
5;1284;9.29896;113;0.471098;102;9.770058;90.26548673;;
6;1322;8.72682;114;0.464503;102;9.191323;89.47368421;;
7;1366;8.66582;123;0.46437;100;9.13019;81.30081301;;
8;1389;8.69545;111;0.440115;109;9.135565;98.1981982;;
9;1339;9.67441;112;0.977923;100;10.652333;89.28571429;;
SHITOMASI;ORB;MAT_BF;DES_BINARY;SEL_KNN;;;;;
Image Idx;num KeyPts;Detection time;num KeyPts Vehicle Rect;Descriptor Extraction time;num Matched KeyPts;;;;
0;1370;10.9086;125;1.07501;0;11.98361;0;10.73;77.65
1;1301;8.69806;118;0.88511;106;9.58317;89.83050847;;
2;1361;8.637;123;0.893881;102;9.530881;82.92682927;;
3;1358;8.7513;120;0.911952;99;9.663252;82.5;;
4;1333;10.083;120;0.911748;102;10.994748;85;;
5;1284;11.5694;113;0.920726;103;12.490126;91.15044248;;
6;1322;8.8379;114;2.47097;97;11.30887;85.0877193;;
7;1366;11.2058;123;1.15084;98;12.35664;79.67479675;;
8;1389;8.67937;111;0.950534;104;9.629904;93.69369369;;
9;1339;8.87838;112;0.915501;97;9.793881;86.60714286;;
SHITOMASI;FREAK;MAT_BF;DES_BINARY;SEL_KNN;;;;;
Image Idx;num KeyPts;Detection time;num KeyPts Vehicle Rect;Descriptor Extraction time;num Matched KeyPts;;;;
0;1370;9.05015;125;31.8094;0;40.85955;0;42.03;65.66
1;1301;9.54835;118;31.5679;86;41.11625;72.88135593;;
2;1361;9.48799;123;31.455;90;40.94299;73.17073171;;
3;1358;9.09689;120;31.2726;86;40.36949;71.66666667;;
4;1333;12.5812;120;32.7573;88;45.3385;73.33333333;;
5;1284;9.20012;113;30.5079;86;39.70802;76.10619469;;
6;1322;8.91963;114;30.2982;80;39.21783;70.1754386;;
7;1366;12.6647;123;32.0336;81;44.6983;65.85365854;;
8;1389;8.88995;111;37.2786;86;46.16855;77.47747748;;
9;1339;11.3284;112;30.5772;85;41.9056;75.89285714;;
SHITOMASI;SIFT;MAT_BF;DES_HOG;SEL_KNN;;;;;
Image Idx;num KeyPts;Detection time;num KeyPts Vehicle Rect;Descriptor Extraction time;num Matched KeyPts;;;;
0;1370;8.76353;125;12.482;0;21.24553;0;26.7;79.24
1;1301;12.6113;118;15.0281;112;27.6394;94.91525424;;
2;1361;12.0017;123;15.1568;109;27.1585;88.61788618;;
3;1358;12.0579;120;15.7672;104;27.8251;86.66666667;;
4;1333;12.0601;120;15.7767;103;27.8368;85.83333333;;
5;1284;12.0566;113;15.6447;99;27.7013;87.61061947;;
6;1322;12.4374;114;15.7047;101;28.1421;88.59649123;;
7;1366;12.0914;123;15.3977;96;27.4891;78.04878049;;
8;1389;10.5092;111;12.0155;106;22.5247;95.4954955;;
9;1339;12.5518;112;16.9112;97;29.463;86.60714286;;
HARRIS;BRISK;MAT_BF;DES_BINARY;SEL_KNN;;;;;
Image Idx;num KeyPts;Detection time;num KeyPts Vehicle Rect;Descriptor Extraction time;num Matched KeyPts;;;;
0;305;11.144;45;0.595898;0;11.739898;0;9.84;52.72
1;348;8.47223;58;0.719942;31;9.192172;53.44827586;;
2;387;8.41265;74;0.860902;32;9.273552;43.24324324;;
3;460;8.49409;88;0.953231;43;9.447321;48.86363636;;
4;540;8.85081;124;1.24931;56;10.10012;45.16129032;;
5;412;8.49671;99;1.04269;60;9.5394;60.60606061;;
6;363;8.43979;72;0.827351;54;9.267141;75;;
7;757;8.48151;188;1.73189;40;10.2134;21.27659574;;
8;468;8.44993;115;1.23623;116;9.68616;100.8695652;;
9;387;8.87476;94;1.07427;74;9.94903;78.72340426;;
HARRIS;BRIEF;MAT_BF;DES_BINARY;SEL_KNN;;;;;
Image Idx;num KeyPts;Detection time;num KeyPts Vehicle Rect;Descriptor Extraction time;num Matched KeyPts;;;;
0;305;8.84953;45;0.419094;0;9.268624;0;9.24;52.5
1;348;8.80598;58;0.360555;29;9.166535;50;;
2;387;9.12451;74;0.390278;34;9.514788;45.94594595;;
3;460;9.62205;88;0.426567;45;10.048617;51.13636364;;
4;540;8.83406;124;0.477009;46;9.311069;37.09677419;;
5;412;8.69481;99;0.430736;55;9.125546;55.55555556;;
6;363;8.59936;72;0.340564;63;8.939924;87.5;;
7;757;8.51756;188;0.638363;39;9.155923;20.74468085;;
8;468;8.53449;115;0.45048;113;8.98497;98.26086957;;
9;387;8.43107;94;0.403294;74;8.834364;78.72340426;;
HARRIS;ORB;MAT_BF;DES_BINARY;SEL_KNN;;;;;
Image Idx;num KeyPts;Detection time;num KeyPts Vehicle Rect;Descriptor Extraction time;num Matched KeyPts;;;;
0;305;8.42425;45;0.873161;0;9.297411;0;11.35;53.21
1;348;11.2019;58;0.826748;26;12.028648;44.82758621;;
2;387;8.49693;74;0.8619;38;9.35883;51.35135135;;
3;460;9.04988;88;0.886023;46;9.935903;52.27272727;;
4;540;11.3116;124;0.95265;41;12.26425;33.06451613;;
5;412;11.2648;99;0.951721;56;12.216521;56.56565657;;
6;363;11.0794;72;0.849689;67;11.929089;93.05555556;;
7;757;11.1862;188;1.03065;39;12.21685;20.74468085;;
8;468;11.1844;115;0.936028;113;12.120428;98.26086957;;
9;387;11.1935;94;0.926573;77;12.120073;81.91489362;;
HARRIS;FREAK;MAT_BF;DES_BINARY;SEL_KNN;;;;;
Image Idx;num KeyPts;Detection time;num KeyPts Vehicle Rect;Descriptor Extraction time;num Matched KeyPts;;;;
0;305;11.1995;45;32.3636;0;43.5631;0;43.4;52.39
1;348;11.1538;58;29.87;30;41.0238;51.72413793;;
2;387;8.4795;74;29.9287;42;38.4082;56.75675676;;
3;460;8.94966;88;36.7414;43;45.69106;48.86363636;;
4;540;20.4112;124;43.9134;47;64.3246;37.90322581;;
5;412;8.68809;99;31.0281;66;39.71619;66.66666667;;
6;363;9.72258;72;30.9243;54;40.64688;75;;
7;757;8.69897;188;31.5086;37;40.20757;19.68085106;;
8;468;8.80863;115;31.1782;108;39.98683;93.91304348;;
9;387;8.81895;94;31.6371;69;40.45605;73.40425532;;
HARRIS;SIFT;MAT_BF;DES_HOG;SEL_KNN;;;;;
Image Idx;num KeyPts;Detection time;num KeyPts Vehicle Rect;Descriptor Extraction time;num Matched KeyPts;;;;
0;305;8.94063;45;11.3711;0;20.31173;0;21.35;40.65
1;348;8.87947;58;10.6353;20;19.51477;34.48275862;;
2;387;8.88745;74;12.0004;23;20.88785;31.08108108;;
3;460;8.72314;88;12.4381;42;21.16124;47.72727273;;
4;540;8.7605;124;13.5222;41;22.2827;33.06451613;;
5;412;8.74273;99;12.9272;43;21.66993;43.43434343;;
6;363;8.66599;72;12.1562;54;20.82219;75;;
7;757;8.72111;188;15.2616;31;23.98271;16.4893617;;
8;468;8.5384;115;13.1738;73;21.7122;63.47826087;;
9;387;8.47318;94;12.6393;58;21.11248;61.70212766;;
SIFT;BRISK;MAT_BF;DES_BINARY;SEL_KNN;;;;;
Image Idx;num KeyPts;Detection time;num KeyPts Vehicle Rect;Descriptor Extraction time;num Matched KeyPts;;;;
0;1437;84.8649;138;1.36962;0;86.23452;0;82.82;43
1;1371;97.985;132;1.31558;64;99.30058;48.48484848;;
2;1381;77.0084;124;1.28775;66;78.29615;53.22580645;;
3;1336;74.8208;138;1.38492;63;76.20572;45.65217391;;
4;1303;79.8586;134;1.33691;67;81.19551;50;;
5;1370;73.3327;140;1.40689;59;74.73959;42.14285714;;
6;1396;87.7077;137;1.36994;64;89.07764;46.71532847;;
7;1382;77.89;148;1.4293;64;79.3193;43.24324324;;
8;1462;83.827;159;1.5971;67;85.4241;42.13836478;;
9;1422;76.9942;137;1.45574;80;78.44994;58.39416058;;
SIFT;BRIEF;MAT_BF;DES_BINARY;SEL_KNN;;;;;
Image Idx;num KeyPts;Detection time;num KeyPts Vehicle Rect;Descriptor Extraction time;num Matched KeyPts;;;;
0;1437;77.7337;138;0.57815;0;78.31185;0;81;51.09
1;1371;76.1792;132;0.55788;86;76.73708;65.15151515;;
2;1381;91.6815;124;0.594236;78;92.275736;62.90322581;;
3;1336;76.2182;138;0.633546;77;76.851746;55.79710145;;
4;1303;79.5544;134;0.617979;86;80.172379;64.17910448;;
5;1370;85.5361;140;0.630119;69;86.166219;49.28571429;;
6;1396;77.492;137;0.640089;74;78.132089;54.01459854;;
7;1382;82.1237;148;0.654853;76;82.778553;51.35135135;;
8;1462;80.1742;159;0.650927;70;80.825127;44.02515723;;
9;1422;77.1562;137;0.578477;88;77.734677;64.23357664;;
SIFT;FREAK;MAT_BF;DES_BINARY;SEL_KNN;;;;;
Image Idx;num KeyPts;Detection time;num KeyPts Vehicle Rect;Descriptor Extraction time;num Matched KeyPts;;;;
0;1437;76.8803;138;30.5109;0;107.3912;0;112.76;43.14
1;1371;75.0013;132;30.5385;65;105.5398;49.24242424;;
2;1381;101.046;124;31.2548;72;132.3008;58.06451613;;
3;1336;74.2937;138;31.6447;65;105.9384;47.10144928;;
4;1303;82.5033;134;31.4003;67;113.9036;50;;
5;1370;79.7975;140;31.4756;59;111.2731;42.14285714;;
6;1396;82.7013;137;31.351;59;114.0523;43.06569343;;
7;1382;80.9437;148;30.5779;64;111.5216;43.24324324;;
8;1462;77.2741;159;30.5819;65;107.856;40.88050314;;
9;1422;86.3091;137;31.5474;79;117.8565;57.66423358;;
SIFT;SIFT;MAT_BF;DES_HOG;SEL_KNN;;;;;
Image Idx;num KeyPts;Detection time;num KeyPts Vehicle Rect;Descriptor Extraction time;num Matched KeyPts;;;;
0;1437;82.2932;138;70.6416;0;152.9348;0;157.6;57.88
1;1371;84.1539;132;69.9702;82;154.1241;62.12121212;;
2;1381;112.277;124;67.5256;81;179.8026;65.32258065;;
3;1336;83.0417;138;67.6306;86;150.6723;62.31884058;;
4;1303;77.1121;134;62.0897;94;139.2018;70.14925373;;
5;1370;105.122;140;71.0067;90;176.1287;64.28571429;;
6;1396;84.7671;137;68.6232;81;153.3903;59.12408759;;
7;1382;83.5146;148;70.3602;82;153.8748;55.40540541;;
8;1462;88.2513;159;70.8645;102;159.1158;64.1509434;;
9;1422;85.6947;137;71.0304;104;156.7251;75.91240876;;
FAST;BRISK;MAT_BF;DES_BINARY;SEL_KNN;;;;;
Image Idx;num KeyPts;Detection time;num KeyPts Vehicle Rect;Descriptor Extraction time;num Matched KeyPts;;;;
0;1824;0.688344;149;1.5432;0;2.231544;0;2.22;60.34
1;1832;0.649831;152;1.57187;97;2.221701;63.81578947;;
2;1810;0.669243;150;1.54341;104;2.212653;69.33333333;;
3;1817;0.642914;155;1.57032;101;2.213234;65.16129032;;
4;1793;0.646134;149;1.51299;98;2.159124;65.77181208;;
5;1796;0.65129;149;1.5294;85;2.18069;57.04697987;;
6;1788;0.666649;156;1.53272;107;2.199369;68.58974359;;
7;1695;0.65287;150;1.49556;107;2.14843;71.33333333;;
8;1749;0.649252;138;1.41592;100;2.065172;72.46376812;;
9;1770;0.658349;143;1.88668;100;2.545029;69.93006993;;
FAST;BRIEF;MAT_BF;DES_BINARY;SEL_KNN;;;;;
Image Idx;num KeyPts;Detection time;num KeyPts Vehicle Rect;Descriptor Extraction time;num Matched KeyPts;;;;
0;1824;0.665793;149;0.660542;0;1.326335;0;1.25;73.81
1;1832;0.655558;152;0.664123;119;1.319681;78.28947368;;
2;1810;0.661051;150;0.586854;130;1.247905;86.66666667;;
3;1817;0.672205;155;0.682816;118;1.355021;76.12903226;;
4;1793;0.656343;149;0.581644;126;1.237987;84.56375839;;
5;1796;0.65159;149;0.55244;108;1.20403;72.48322148;;
6;1788;0.671711;156;0.561572;123;1.233283;78.84615385;;
7;1695;0.651259;150;0.52162;131;1.172879;87.33333333;;
8;1749;0.646058;138;0.496108;125;1.142166;90.57971014;;
9;1770;0.655626;143;0.574056;119;1.229682;83.21678322;;
FAST;ORB;MAT_BF;DES_BINARY;SEL_KNN;;;;;
Image Idx;num KeyPts;Detection time;num KeyPts Vehicle Rect;Descriptor Extraction time;num Matched KeyPts;;;;
0;1824;0.65124;149;0.928065;0;1.579305;0;1.56;71.95
1;1832;0.659122;152;0.948307;118;1.607429;77.63157895;;
2;1810;0.642022;150;0.884462;123;1.526484;82;;
3;1817;0.656499;155;0.934477;112;1.590976;72.25806452;;
4;1793;0.652208;149;0.921073;126;1.573281;84.56375839;;
5;1796;0.650054;149;0.937105;106;1.587159;71.1409396;;
6;1788;0.637608;156;0.907579;122;1.545187;78.20512821;;
7;1695;0.632465;150;0.88065;122;1.513115;81.33333333;;
8;1749;0.6471;138;0.886926;123;1.534026;89.13043478;;
9;1770;0.643824;143;0.928774;119;1.572598;83.21678322;;
FAST;FREAK;MAT_BF;DES_BINARY;SEL_KNN;;;;;
Image Idx;num KeyPts;Detection time;num KeyPts Vehicle Rect;Descriptor Extraction time;num Matched KeyPts;;;;
0;1824;1.62182;149;35.1543;0;36.77612;0;32.52;59.01
1;1832;0.662888;152;32.5719;98;33.234788;64.47368421;;
2;1810;0.656176;150;31.2282;99;31.884376;66;;
3;1817;0.656342;155;31.5475;91;32.203842;58.70967742;;
4;1793;0.672037;149;31.5962;98;32.268237;65.77181208;;
5;1796;0.641317;149;31.4286;85;32.069917;57.04697987;;
6;1788;0.641851;156;31.3108;99;31.952651;63.46153846;;
7;1695;0.65083;150;31.4377;102;32.08853;68;;
8;1749;0.647768;138;30.8297;101;31.477468;73.1884058;;
9;1770;0.670528;143;30.5242;105;31.194728;73.42657343;;
FAST;SIFT;MAT_BF;DES_HOG;SEL_KNN;;;;;
Image Idx;num KeyPts;Detection time;num KeyPts Vehicle Rect;Descriptor Extraction time;num Matched KeyPts;;;;
0;1824;0.698387;149;15.4921;0;16.190487;0;15.5;70.21
1;1832;0.662266;152;14.7651;118;15.427366;77.63157895;;
2;1810;0.644594;150;14.742;123;15.386594;82;;
3;1817;0.655708;155;14.9365;110;15.592208;70.96774194;;
4;1793;0.643736;149;15.2896;119;15.933336;79.86577181;;
5;1796;0.652628;149;14.6544;114;15.307028;76.51006711;;
6;1788;0.639549;156;14.8107;119;15.450249;76.28205128;;
7;1695;1.93443;150;13.4002;123;15.33463;82;;
8;1749;0.67467;138;14.492;117;15.16667;84.7826087;;
9;1770;0.658981;143;14.5939;103;15.252881;72.02797203;;
BRISK;BRISK;MAT_BF;DES_BINARY;SEL_KNN;;;;;
Image Idx;num KeyPts;Detection time;num KeyPts Vehicle Rect;Descriptor Extraction time;num Matched KeyPts;;;;
0;2757;31.8473;264;2.45985;0;34.30715;0;34.45;56.67
1;2777;32.056;282;2.69419;171;34.75019;60.63829787;;
2;2741;31.5257;282;2.59551;176;34.12121;62.41134752;;
3;2735;31.5997;277;2.56257;157;34.16227;56.67870036;;
4;2757;32.2856;297;2.93931;176;35.22491;59.25925926;;
5;2695;31.4916;279;2.57435;174;34.06595;62.3655914;;
6;2715;31.8577;289;2.6633;188;34.521;65.05190311;;
7;2628;32.4219;272;2.54781;173;34.96971;63.60294118;;
8;2639;30.661;266;2.47038;171;33.13138;64.28571429;;
9;2672;32.7966;254;2.4104;184;35.207;72.44094488;;
BRISK;BRIEF;MAT_BF;DES_BINARY;SEL_KNN;;;;;
Image Idx;num KeyPts;Detection time;num KeyPts Vehicle Rect;Descriptor Extraction time;num Matched KeyPts;;;;
0;2757;32.448;264;0.818182;0;33.266182;0;39.83;61.51
1;2777;39.5809;282;0.987702;178;40.568602;63.12056738;;
2;2741;51.5764;282;0.923175;205;52.499575;72.69503546;;
3;2735;31.8466;277;0.978935;185;32.825535;66.78700361;;
4;2757;54.1018;297;1.02134;179;55.12314;60.26936027;;
5;2695;37.6994;279;0.89883;183;38.59823;65.59139785;;
6;2715;33.6264;289;0.949529;195;34.575929;67.47404844;;
7;2628;43.9589;272;0.944873;207;44.903773;76.10294118;;
8;2639;31.5922;266;0.947927;189;32.540127;71.05263158;;
9;2672;32.6106;254;0.827456;183;33.438056;72.04724409;;
BRISK;ORB;MAT_BF;DES_BINARY;SEL_KNN;;;;;
Image Idx;num KeyPts;Detection time;num KeyPts Vehicle Rect;Descriptor Extraction time;num Matched KeyPts;;;;
0;2757;31.2123;264;4.34223;0;35.55453;0;36.09;54.65
1;2777;33.3523;282;4.87953;162;38.23183;57.44680851;;
2;2741;31.118;282;3.94292;175;35.06092;62.05673759;;
3;2735;30.8318;277;4.46452;158;35.29632;57.03971119;;
4;2757;32.1342;297;4.79467;167;36.92887;56.22895623;;
5;2695;32.0802;279;3.98413;160;36.06433;57.34767025;;
6;2715;30.8562;289;3.98653;182;34.84273;62.97577855;;
7;2628;30.7015;272;4.3647;167;35.0662;61.39705882;;
8;2639;32.9735;266;4.54784;171;37.52134;64.28571429;;
9;2672;32.0368;254;4.32855;172;36.36535;67.71653543;;
BRISK;FREAK;MAT_BF;DES_BINARY;SEL_KNN;;;;;
Image Idx;num KeyPts;Detection time;num KeyPts Vehicle Rect;Descriptor Extraction time;num Matched KeyPts;;;;
0;2757;33.6395;264;32.4393;0;66.0788;0;69.02;54.99
1;2777;32.0305;282;31.2566;160;63.2871;56.73758865;;
2;2741;32.08;282;31.0594;177;63.1394;62.76595745;;
3;2735;31.9652;277;31.6416;155;63.6068;55.9566787;;
4;2757;54.716;297;32.0218;173;86.7378;58.24915825;;
5;2695;57.8914;279;31.027;161;88.9184;57.70609319;;
6;2715;33.1636;289;30.9891;183;64.1527;63.32179931;;
7;2628;31.4346;272;30.9868;169;62.4214;62.13235294;;
8;2639;31.672;266;35.0785;178;66.7505;66.91729323;;
9;2672;33.1987;254;31.9451;168;65.1438;66.14173228;;
BRISK;SIFT;MAT_BF;DES_HOG;SEL_KNN;;;;;
Image Idx;num KeyPts;Detection time;num KeyPts Vehicle Rect;Descriptor Extraction time;num Matched KeyPts;;;;
0;2757;33.2368;264;28.9183;0;62.1551;0;65.63;59.39
1;2777;34.3996;282;34.6281;182;69.0277;64.53900709;;
2;2741;31.8692;282;32.6978;193;64.567;68.43971631;;
3;2735;33.2223;277;35.0555;169;68.2778;61.01083032;;
4;2757;32.4597;297;50.5705;183;83.0302;61.61616162;;
5;2695;32.5971;279;30.8126;171;63.4097;61.29032258;;
6;2715;31.5044;289;30.4546;195;61.959;67.47404844;;
7;2628;32.4011;272;32.7113;194;65.1124;71.32352941;;
8;2639;30.8008;266;28.3888;176;59.1896;66.16541353;;
9;2672;31.0153;254;28.5941;183;59.6094;72.04724409;;
ORB;BRISK;MAT_BF;DES_BINARY;SEL_KNN;;;;;
Image Idx;num KeyPts;Detection time;num KeyPts Vehicle Rect;Descriptor Extraction time;num Matched KeyPts;;;;
0;500;5.59649;92;1.04952;0;6.64601;0;8.42;63.34
1;500;6.22775;102;1.11256;73;7.34031;71.56862745;;
2;500;6.11184;106;1.0851;74;7.19694;69.81132075;;
3;500;6.09611;113;1.17947;79;7.27558;69.91150442;;
4;500;5.50778;109;1.21237;85;6.72015;77.98165138;;
5;500;6.18924;125;1.26636;79;7.4556;63.2;;
6;500;6.16038;130;1.31348;92;7.47386;70.76923077;;
7;500;17.9746;129;1.33359;90;19.30819;69.76744186;;
8;500;6.24439;127;1.30895;88;7.55334;69.29133858;;
9;500;5.90911;128;1.27611;91;7.18522;71.09375;;
ORB;BRIEF;MAT_BF;DES_BINARY;SEL_KNN;;;;;
Image Idx;num KeyPts;Detection time;num KeyPts Vehicle Rect;Descriptor Extraction time;num Matched KeyPts;;;;
0;500;5.98688;92;0.441991;0;6.428871;0;6.41;45.54
1;500;5.88716;102;0.461209;49;6.348369;48.03921569;;
2;500;5.89605;106;0.468158;43;6.364208;40.56603774;;
3;500;5.8195;113;0.460813;45;6.280313;39.82300885;;
4;500;5.79663;109;0.471474;59;6.268104;54.12844037;;
5;500;6.01302;125;0.50172;53;6.51474;42.4;;
6;500;5.73146;130;0.486557;78;6.218017;60;;
7;500;5.8675;129;0.514617;68;6.382117;52.71317829;;
8;500;6.05474;127;0.560497;84;6.615237;66.14173228;;
9;500;6.16015;128;0.492016;66;6.652166;51.5625;;
ORB;ORB;MAT_BF;DES_BINARY;SEL_KNN;;;;;
Image Idx;num KeyPts;Detection time;num KeyPts Vehicle Rect;Descriptor Extraction time;num Matched KeyPts;;;;
0;500;5.87518;92;4.27052;0;10.1457;0;10.15;64.02
1;500;6.01536;102;4.14925;67;10.16461;65.68627451;;
2;500;5.91737;106;4.054;70;9.97137;66.03773585;;
3;500;5.81514;113;4.28598;72;10.10112;63.71681416;;
4;500;5.88141;109;4.21505;84;10.09646;77.06422018;;
5;500;6.1355;125;4.44176;91;10.57726;72.8;;
6;500;5.8797;130;3.83758;101;9.71728;77.69230769;;
7;500;5.82479;129;4.29896;92;10.12375;71.31782946;;
8;500;5.83166;127;4.40938;93;10.24104;73.22834646;;
9;500;6.11732;128;4.27658;93;10.3939;72.65625;;
ORB;FREAK;MAT_BF;DES_BINARY;SEL_KNN;;;;;
Image Idx;num KeyPts;Detection time;num KeyPts Vehicle Rect;Descriptor Extraction time;num Matched KeyPts;;;;
0;500;6.11886;92;29.9859;0;36.10476;0;37.91;35.35
1;500;6.12852;102;30.019;42;36.14752;41.17647059;;
2;500;5.90642;106;29.9852;36;35.89162;33.96226415;;
3;500;5.95331;113;30.1146;44;36.06791;38.9380531;;
4;500;5.94505;109;30.0668;47;36.01185;43.11926606;;
5;500;6.09957;125;30.0429;44;36.14247;35.2;;
6;500;5.79901;130;30.0489;51;35.84791;39.23076923;;
7;500;5.90563;129;30.0447;52;35.95033;40.31007752;;
8;500;6.09984;127;40.3065;48;46.40634;37.79527559;;
9;500;11.4212;128;33.1202;56;44.5414;43.75;;
ORB;SIFT;MAT_BF;DES_HOG;SEL_KNN;;;;;
Image Idx;num KeyPts;Detection time;num KeyPts Vehicle Rect;Descriptor Extraction time;num Matched KeyPts;;;;
0;500;6.00986;92;29.2051;0;35.21496;0;34.53;64.15
1;500;5.53273;102;25.0911;67;30.62383;65.68627451;;
2;500;5.36305;106;25.6182;79;30.98125;74.52830189;;
3;500;5.29869;113;26.6296;78;31.92829;69.02654867;;
4;500;5.74715;109;28.1169;79;33.86405;72.47706422;;
5;500;5.48619;125;32.367;82;37.85319;65.6;;
6;500;5.3639;130;27.4749;95;32.8388;73.07692308;;
7;500;5.70027;129;31.3788;95;37.07907;73.64341085;;
8;500;5.77136;127;32.6307;94;38.40206;74.01574803;;
9;500;5.85307;128;30.6866;94;36.53967;73.4375;;
AKAZE;BRISK;MAT_BF;DES_BINARY;SEL_KNN;;;;;
Image Idx;num KeyPts;Detection time;num KeyPts Vehicle Rect;Descriptor Extraction time;num Matched KeyPts;;;;
0;1351;45.4953;166;2.03554;0;47.53084;0;53.9;72.75
1;1327;54.7177;157;1.56026;137;56.27796;87.2611465;;
2;1311;52.7332;161;1.65227;125;54.38547;77.63975155;;
3;1351;54.0121;155;1.50451;129;55.51661;83.22580645;;
4;1360;54.2489;163;1.5716;129;55.8205;79.14110429;;
5;1347;53.1958;164;1.58783;131;54.78363;79.87804878;;
6;1363;48.663;173;1.71412;132;50.37712;76.30057803;;
7;1331;56.2905;175;1.6662;142;57.9567;81.14285714;;
8;1357;49.1947;177;1.69642;146;50.89112;82.48587571;;
9;1331;53.7249;179;1.70895;144;55.43385;80.44692737;;
AKAZE;BRIEF;MAT_BF;DES_BINARY;SEL_KNN;;;;;
Image Idx;num KeyPts;Detection time;num KeyPts Vehicle Rect;Descriptor Extraction time;num Matched KeyPts;;;;
0;1351;45.9081;166;0.704283;0;46.612383;0;48.39;75.77
1;1327;47.1727;157;0.646668;141;47.819368;89.8089172;;
2;1311;43.0511;161;0.625024;134;43.676124;83.22981366;;
3;1351;49.1516;155;1.10172;131;50.25332;84.51612903;;
4;1360;52.2951;163;0.675258;130;52.970358;79.75460123;;
5;1347;46.2775;164;0.677432;134;46.954932;81.70731707;;
6;1363;43.4915;173;0.697964;146;44.189464;84.39306358;;
7;1331;44.223;175;0.663767;150;44.886767;85.71428571;;
8;1357;53.1146;177;0.676865;148;53.791465;83.61581921;;
9;1331;51.9954;179;0.706417;152;52.701817;84.91620112;;
AKAZE;ORB;MAT_BF;DES_BINARY;SEL_KNN;;;;;
Image Idx;num KeyPts;Detection time;num KeyPts Vehicle Rect;Descriptor Extraction time;num Matched KeyPts;;;;
0;1351;51.094;166;2.51036;0;53.60436;0;49.8;70.78
1;1327;44.3772;157;2.54133;131;46.91853;83.43949045;;
2;1311;42.8616;161;2.32615;129;45.18775;80.1242236;;
3;1351;45.5964;155;2.72503;127;48.32143;81.93548387;;
4;1360;51.5436;163;2.57029;117;54.11389;71.7791411;;
5;1347;44.9416;164;2.49309;130;47.43469;79.26829268;;
6;1363;43.9198;173;2.34375;131;46.26355;75.72254335;;
7;1331;54.6931;175;2.31477;137;57.00787;78.28571429;;
8;1357;48.8856;177;2.39642;135;51.28202;76.27118644;;
9;1331;45.2745;179;2.56094;145;47.83544;81.00558659;;
AKAZE;FREAK;MAT_BF;DES_BINARY;SEL_KNN;;;;;
Image Idx;num KeyPts;Detection time;num KeyPts Vehicle Rect;Descriptor Extraction time;num Matched KeyPts;;;;
0;1351;46.9711;166;33.2818;0;80.2529;0;85.04;71.02
1;1327;52.2181;157;32.3656;126;84.5837;80.25477707;;
2;1311;49.8045;161;32.4868;129;82.2913;80.1242236;;
3;1351;57.4275;155;33.3366;127;90.7641;81.93548387;;
4;1360;51.4706;163;31.6219;121;83.0925;74.23312883;;
5;1347;53.1961;164;33.996;122;87.1921;74.3902439;;
6;1363;49.4877;173;33.6935;133;83.1812;76.87861272;;
7;1331;57.9143;175;33.3599;144;91.2742;82.28571429;;
8;1357;50.4179;177;33.3761;147;83.794;83.05084746;;
9;1331;51.0988;179;32.9177;138;84.0165;77.09497207;;
AKAZE;AKAZE;MAT_BF;DES_BINARY;SEL_KNN;;;;;
Image Idx;num KeyPts;Detection time;num KeyPts Vehicle Rect;Descriptor Extraction time;num Matched KeyPts;;;;
0;1351;51.678;166;41.3167;0;92.9947;0;84.43;75.35
1;1327;41.1831;157;32.4416;138;73.6247;87.89808917;;
2;1311;44.0977;161;56.1906;138;100.2883;85.71428571;;
3;1351;41.9576;155;38.0939;133;80.0515;85.80645161;;
4;1360;43.8285;163;43.4278;127;87.2563;77.91411043;;
5;1347;41.3087;164;38.8159;129;80.1246;78.65853659;;
6;1363;43.8641;173;37.9246;146;81.7887;84.39306358;;
7;1331;42.1524;175;48.4861;147;90.6385;84;;
8;1357;46.7512;177;37.3403;151;84.0915;85.31073446;;
9;1331;39.7117;179;33.7578;150;73.4695;83.79888268;;
AKAZE;SIFT;MAT_BF;DES_HOG;SEL_KNN;;;;;
Image Idx;num KeyPts;Detection time;num KeyPts Vehicle Rect;Descriptor Extraction time;num Matched KeyPts;;;;
0;1351;42.2865;166;15.1301;0;57.4166;0;64.22;75.98
1;1327;46.5829;157;14.5925;134;61.1754;85.35031847;;
2;1311;44.3118;161;14.5548;134;58.8666;83.22981366;;
3;1351;66.3538;155;25.0164;130;91.3702;83.87096774;;
4;1360;43.8629;163;15.8051;136;59.668;83.43558282;;
5;1347;45.3632;164;15.7491;137;61.1123;83.53658537;;
6;1363;47.1494;173;16.2299;147;63.3793;84.97109827;;
7;1331;41.924;175;17.8539;147;59.7779;84;;
8;1357;51.3259;177;17.0418;154;68.3677;87.00564972;;
9;1331;43.7761;179;17.2974;151;61.0735;84.3575419;;
